Term,Category
basal,Cancer & Oncology
benign,Cancer & Oncology
biopsies,Cancer & Oncology
biopsy,Cancer & Oncology
breast,Cancer & Oncology
cancer,Cancer & Oncology
cancers,Cancer & Oncology
carcinoma,Cancer & Oncology
cervical,Cancer & Oncology
chemotherapy,Cancer & Oncology
colectomy,Cancer & Oncology
colon,Cancer & Oncology
colonoscopy,Cancer & Oncology
colorectal,Cancer & Oncology
ct,Cancer & Oncology
cytology,Cancer & Oncology
dermatologist,Cancer & Oncology
dermatoscopy,Cancer & Oncology
dermoscopy,Cancer & Oncology
diagnosis,Cancer & Oncology
diagnostic,Cancer & Oncology
excision,Cancer & Oncology
gastroenterologist,Cancer & Oncology
gynecologist,Cancer & Oncology
hematologist,Cancer & Oncology
hysterectomy,Cancer & Oncology
immunotherapy,Cancer & Oncology
lesion,Cancer & Oncology
lesions,Cancer & Oncology
leukemia,Cancer & Oncology
lumpectomy,Cancer & Oncology
lung,Cancer & Oncology
lymphoma,Cancer & Oncology
malignancy,Cancer & Oncology
malignant,Cancer & Oncology
mammogram,Cancer & Oncology
mammography,Cancer & Oncology
mastectomy,Cancer & Oncology
melanoma,Cancer & Oncology
metastasis,Cancer & Oncology
metastasize,Cancer & Oncology
metastatic,Cancer & Oncology
mri,Cancer & Oncology
neoplasm,Cancer & Oncology
nodule,Cancer & Oncology
nodules,Cancer & Oncology
oncologist,Cancer & Oncology
oncology,Cancer & Oncology
pap,Cancer & Oncology
pathologist,Cancer & Oncology
pathology,Cancer & Oncology
pet,Cancer & Oncology
polyp,Cancer & Oncology
polyps,Cancer & Oncology
precancerous,Cancer & Oncology
premalignant,Cancer & Oncology
prognosis,Cancer & Oncology
prostate,Cancer & Oncology
prostatectomy,Cancer & Oncology
pulmonologist,Cancer & Oncology
radiation,Cancer & Oncology
radiotherapy,Cancer & Oncology
rectal,Cancer & Oncology
resection,Cancer & Oncology
sarcoma,Cancer & Oncology
screening,Cancer & Oncology
skin,Cancer & Oncology
squamous,Cancer & Oncology
staging,Cancer & Oncology
surgery,Cancer & Oncology
surgical,Cancer & Oncology
tumor,Cancer & Oncology
tumors,Cancer & Oncology
tumour,Cancer & Oncology
tumours,Cancer & Oncology
ultrasound,Cancer & Oncology
urologist,Cancer & Oncology
x-ray,Cancer & Oncology
acetaminophen,General Medical
acute,General Medical
analgesic,General Medical
anemia,General Medical
antibiotic,General Medical
antibiotics,General Medical
antifungal,General Medical
antiviral,General Medical
aspirin,General Medical
asthma,General Medical
bacteria,General Medical
bacterial,General Medical
bronchitis,General Medical
cardiac,General Medical
cardiovascular,General Medical
catheter,General Medical
cdc,General Medical
cholesterol,General Medical
chronic,General Medical
clinical,General Medical
constipation,General Medical
diabetes,General Medical
diabetic,General Medical
diarrhea,General Medical
estrogen,General Medical
fatigue,General Medical
fda,General Medical
gene,General Medical
genes,General Medical
genetic,General Medical
genomic,General Medical
glucose,General Medical
glycemic,General Medical
hemoglobin,General Medical
hormonal,General Medical
hormone,General Medical
hospice,General Medical
hypertension,General Medical
ibuprofen,General Medical
infection,General Medical
infectious,General Medical
inflammation,General Medical
inflammatory,General Medical
insulin,General Medical
intravenous,General Medical
lymph,General Medical
lymphatic,General Medical
lymphocyte,General Medical
medication,General Medical
medications,General Medical
mutation,General Medical
nausea,General Medical
oral,General Medical
palliative,General Medical
pathogen,General Medical
pharmaceutical,General Medical
platelet,General Medical
prescription,General Medical
prosthesis,General Medical
remission,General Medical
respiratory,General Medical
stent,General Medical
symptom,General Medical
symptoms,General Medical
testosterone,General Medical
therapeutic,General Medical
therapy,General Medical
topical,General Medical
treatment,General Medical
viral,General Medical
virus,General Medical
vomiting,General Medical
adjuvant,Vaccines & Immunization
allergic,Vaccines & Immunization
allergy,Vaccines & Immunization
anaphylactic,Vaccines & Immunization
anaphylaxis,Vaccines & Immunization
antibodies,Vaccines & Immunization
antibody,Vaccines & Immunization
antigen,Vaccines & Immunization
booster,Vaccines & Immunization
chickenpox,Vaccines & Immunization
conjugate,Vaccines & Immunization
coronavirus,Vaccines & Immunization
covid,Vaccines & Immunization
diphtheria,Vaccines & Immunization
dose,Vaccines & Immunization
doses,Vaccines & Immunization
fever,Vaccines & Immunization
flu,Vaccines & Immunization
guillain,Vaccines & Immunization
hepatitis,Vaccines & Immunization
hpv,Vaccines & Immunization
immune,Vaccines & Immunization
immunity,Vaccines & Immunization
immunization,Vaccines & Immunization
immunize,Vaccines & Immunization
immunized,Vaccines & Immunization
inactivated,Vaccines & Immunization
influenza,Vaccines & Immunization
injectable,Vaccines & Immunization
injection,Vaccines & Immunization
intradermal,Vaccines & Immunization
intramuscular,Vaccines & Immunization
measles,Vaccines & Immunization
meningitis,Vaccines & Immunization
meningococcal,Vaccines & Immunization
mmr,Vaccines & Immunization
mrna,Vaccines & Immunization
mumps,Vaccines & Immunization
papillomavirus,Vaccines & Immunization
pertussis,Vaccines & Immunization
pneumococcal,Vaccines & Immunization
pneumonia,Vaccines & Immunization
polio,Vaccines & Immunization
poliovirus,Vaccines & Immunization
recombinant,Vaccines & Immunization
rotavirus,Vaccines & Immunization
rubella,Vaccines & Immunization
sars,Vaccines & Immunization
seizure,Vaccines & Immunization
seizures,Vaccines & Immunization
shingles,Vaccines & Immunization
smallpox,Vaccines & Immunization
subcutaneous,Vaccines & Immunization
syringe,Vaccines & Immunization
tdap,Vaccines & Immunization
tetanus,Vaccines & Immunization
toxoid,Vaccines & Immunization
vaccinated,Vaccines & Immunization
vaccination,Vaccines & Immunization
vaccine,Vaccines & Immunization
vaccines,Vaccines & Immunization
varicella,Vaccines & Immunization
zoster,Vaccines & Immunization
